train_acc,train_rec,train_f1,test_acc,test_rec,test_f1,batch_size,dropout,lr,epochs,10
0.6628594495788215,0.7504587155963303,0.6982796832819934,0.4123438783438783,0.42400000000000004,0.41095875259839165,2,0.1,0.001,75,bert_embeddings_bert_large_uncased_whole_word_masking
0.01379008500967932,0.11743119266055047,0.024681761347373498,0.018496000000000002,0.136,0.03256338028169014,2,0.1,0.003,75,bert_embeddings_bert_large_uncased_whole_word_masking
0.01379008500967932,0.11743119266055047,0.024681761347373498,0.018496000000000002,0.136,0.03256338028169014,2,0.1,0.005,75,bert_embeddings_bert_large_uncased_whole_word_masking
0.528115365293063,0.6935779816513763,0.5967853226656379,0.38613207537645317,0.44799999999999995,0.41234427021050973,2,0.2,0.001,75,bert_embeddings_bert_large_uncased_whole_word_masking
0.07635747986054094,0.27339449541284405,0.11919311783703448,0.07290993309315491,0.224,0.10925714285714286,2,0.2,0.003,75,bert_embeddings_bert_large_uncased_whole_word_masking
0.01379008500967932,0.11743119266055047,0.024681761347373498,0.018496000000000002,0.136,0.03256338028169014,2,0.2,0.005,75,bert_embeddings_bert_large_uncased_whole_word_masking
