train_acc,train_rec,train_f1,test_acc,test_rec,test_f1,batch_size,dropout,lr,epochs,10
0.394392075111629,0.5853211009174313,0.4636423979380663,0.3416788811188811,0.43200000000000005,0.37286049631120044,2,0.1,0.001,75,roberta_embeddings_pmc_med_bio_mlm_roberta_large
0.07698719870354595,0.25871559633027524,0.11793040503539243,0.062356164383561646,0.2,0.09404444444444443,2,0.1,0.003,75,roberta_embeddings_pmc_med_bio_mlm_roberta_large
0.01379008500967932,0.11743119266055047,0.024681761347373498,0.018496000000000002,0.136,0.03256338028169014,2,0.1,0.005,75,roberta_embeddings_pmc_med_bio_mlm_roberta_large
0.06718606896108274,0.23853211009174313,0.1043345935184615,0.0521718931475029,0.184,0.08005088717777033,2,0.2,0.001,75,roberta_embeddings_pmc_med_bio_mlm_roberta_large
0.01379008500967932,0.11743119266055047,0.024681761347373498,0.018496000000000002,0.136,0.03256338028169014,2,0.2,0.003,75,roberta_embeddings_pmc_med_bio_mlm_roberta_large
0.01379008500967932,0.11743119266055047,0.024681761347373498,0.018496000000000002,0.136,0.03256338028169014,2,0.2,0.005,75,roberta_embeddings_pmc_med_bio_mlm_roberta_large
